{
  "timestamp": "2026-02-23T22:39:26.433880",
  "config": {
    "years": [
      2018,
      2019,
      2020,
      2021,
      2022,
      2023,
      2024,
      2025
    ],
    "dataset_version": "v1",
    "model_type": "dynamic_nb",
    "evaluation": "rolling_expanding_window"
  },
  "summary": {
    "rmse_mean": 14.05077471652808,
    "mae_mean": 11.307483957459304,
    "brier_mean": 0.2437602563125552,
    "lpd_mean": -4.099554592373921,
    "units_total": 68.12,
    "avg_edge_mean": 0.10653140302123865,
    "sharpness_mean": 248.43634793638392
  },
  "results": {
    "week": {
      "0": 1,
      "1": 2,
      "2": 3,
      "3": 4,
      "4": 5,
      "5": 6,
      "6": 7,
      "7": 8,
      "8": 9,
      "9": 10,
      "10": 11,
      "11": 12,
      "12": 13,
      "13": 14,
      "14": 15,
      "15": 16,
      "16": 17
    },
    "rmse": {
      "0": 12.538003562502817,
      "1": 18.620528727836025,
      "2": 14.336269430383748,
      "3": 16.57341613012303,
      "4": 9.771308680690286,
      "5": 13.730733046709487,
      "6": 17.439237105216666,
      "7": 12.058068085409907,
      "8": 12.088554225132476,
      "9": 12.462939683539977,
      "10": 11.08997301118848,
      "11": 14.658162058408125,
      "12": 15.622865504999446,
      "13": 14.448942561510629,
      "14": 14.311942674024905,
      "15": 13.205173688853085,
      "16": 15.907052004448285
    },
    "mae": {
      "0": 9.601041666666667,
      "1": 14.513229166666667,
      "2": 10.918958333333332,
      "3": 11.81047619047619,
      "4": 7.533555555555555,
      "5": 10.974666666666666,
      "6": 16.413974358974357,
      "7": 9.930238095238096,
      "8": 9.64190476190476,
      "9": 9.374888888888886,
      "10": 8.07702380952381,
      "11": 11.976041666666667,
      "12": 12.932619047619047,
      "13": 12.209687500000001,
      "14": 12.148921568627452,
      "15": 11.052083333333332,
      "16": 13.117916666666666
    },
    "brier": {
      "0": 0.19713958333333334,
      "1": 0.2503241319444445,
      "2": 0.24742395833333333,
      "3": 0.2970863095238095,
      "4": 0.23951055555555556,
      "5": 0.17649185185185187,
      "6": 0.21718568376068378,
      "7": 0.25116726190476196,
      "8": 0.23302896825396827,
      "9": 0.21525203703703705,
      "10": 0.19780853174603177,
      "11": 0.2890524305555555,
      "12": 0.24237361111111114,
      "13": 0.21564600694444444,
      "14": 0.2934816993464052,
      "15": 0.27555833333333335,
      "16": 0.3053934027777778
    },
    "lpd": {
      "0": -3.9447790614195073,
      "1": -4.462174120919192,
      "2": -4.1298452101110925,
      "3": -4.366901792502723,
      "4": -3.8747978866336914,
      "5": -3.9695610549381084,
      "6": -4.291625333404978,
      "7": -3.9499453436712346,
      "8": -3.9576313190553725,
      "9": -4.015050986173601,
      "10": -3.874368037003939,
      "11": -4.051071828197436,
      "12": -4.167026787527743,
      "13": -4.133179922167094,
      "14": -4.086667384065781,
      "15": -4.119635408397897,
      "16": -4.298166594167252
    },
    "units_won": {
      "0": 0.4600000000000003,
      "1": 5.19,
      "2": 6.19,
      "3": -0.4499999999999995,
      "4": 8.1,
      "5": 6.19,
      "6": 4.28,
      "7": 1.4600000000000004,
      "8": 3.3700000000000006,
      "9": 7.28,
      "10": 5.19,
      "11": 0.46000000000000063,
      "12": 6.19,
      "13": 7.1,
      "14": -2.3599999999999994,
      "15": 3.2800000000000002,
      "16": 6.19
    },
    "avg_edge": {
      "0": 0.09937499999999999,
      "1": 0.08270833333333333,
      "2": 0.10666666666666666,
      "3": 0.1138095238095238,
      "4": 0.07866666666666666,
      "5": 0.10877777777777776,
      "6": 0.19487179487179487,
      "7": 0.09607142857142859,
      "8": 0.06583333333333334,
      "9": 0.02833333333333334,
      "10": 0.14880952380952378,
      "11": 0.126875,
      "12": 0.1476190476190476,
      "13": 0.1721875,
      "14": 0.031470588235294125,
      "15": 0.07552083333333333,
      "16": 0.13343750000000001
    },
    "sharpness": {
      "0": 239.28699995659719,
      "1": 243.39001552734373,
      "2": 232.8220103732639,
      "3": 241.96812358276645,
      "4": 226.45002883950622,
      "5": 229.17339377777776,
      "6": 223.03958380999342,
      "7": 249.1257591269841,
      "8": 223.25241700680272,
      "9": 285.7050540246914,
      "10": 285.204562797619,
      "11": 251.83485203993055,
      "12": 242.7923287414966,
      "13": 248.66286110026044,
      "14": 278.0180945693964,
      "15": 252.97948953993057,
      "16": 269.7123401041666
    }
  }
}