{
  "timestamp": "2026-02-26T06:34:34.596182",
  "config": {
    "years": [
      2018,
      2019,
      2020,
      2021,
      2022,
      2023,
      2024,
      2025
    ],
    "dataset_version": "v1",
    "evaluation": "rolling_expanding_window",
    "draws": 500,
    "tune": 500
  },
  "summary": {
    "spread_model": {
      "Bayesian_Heteroskedastic": {
        "structure": {
          "rho": {
            "mean": 0.972666409703578,
            "sd": 0.005225009247034008
          },
          "sigma_weekly": {
            "mean": 1.1303971366985834,
            "sd": 0.10597923441781464
          },
          "sigma_offseason": {
            "mean": 0.42415078671663903,
            "sd": 0.0906862357770283
          },
          "beta_home": {
            "mean": 1.6147782725484712,
            "sd": 0.25787525747846135
          },
          "sigma0": {
            "mean": 11.043819684119942,
            "sd": 0.45811899529718353
          },
          "alpha": {
            "mean": 0.017300587295040085,
            "sd": 0.007040903833229856
          },
          "avg_abs_strength": {
            "mean": 4.126858450996697
          },
          "avg_offseason_shock": {
            "mean": 0.3406290958690598
          }
        },
        "performance": {
          "rmse_mean": 13.089901114838725,
          "mae_mean": 10.5067102100084,
          "lpd_mean": -4.011856187557611,
          "sharpness_mean": 193.7890853714527
        }
      },
      "Bayesian_Homoskedastic": {
        "structure": {
          "rho": {
            "mean": 0.9737994236189088,
            "sd": 0.005099451284295667
          },
          "sigma_weekly": {
            "mean": 1.1321717834710934,
            "sd": 0.11152901212799866
          },
          "sigma_offseason": {
            "mean": 0.3985523768640428,
            "sd": 0.11257093013211915
          },
          "beta_home": {
            "mean": 1.6199304547861997,
            "sd": 0.25404671667509404
          },
          "sigma0": {
            "mean": 12.17795108558745,
            "sd": 0.2149991983784489
          },
          "avg_abs_strength": {
            "mean": 4.139406898753123
          },
          "avg_offseason_shock": {
            "mean": 0.31900298865330917
          }
        },
        "performance": {
          "rmse_mean": 12.961269817244558,
          "mae_mean": 10.398020052804593,
          "lpd_mean": -3.9967297681335414,
          "sharpness_mean": 198.65970552799172
        }
      }
    },
    "elo": {
      "rmse": 13.472797710525942,
      "mae": 10.537626189421818,
      "brier": 0.23377403685994239
    }
  },
  "results": {}
}