{
  "timestamp": "2026-02-26T00:15:23.834175",
  "config": {
    "years": [
      2018,
      2019,
      2020,
      2021,
      2022,
      2023,
      2024,
      2025
    ],
    "dataset_version": "v1",
    "evaluation": "rolling_expanding_window"
  },
  "summary": {
    "spread_model": {
      "Beta(8,2)": {
        "structure": {
          "rho": {
            "mean": 0.9742814736798584,
            "sd": 0.004673237011180362
          },
          "sigma_weekly": {
            "mean": 1.1016451625842645,
            "sd": 0.06860467668261609
          },
          "sigma_offseason": {
            "mean": 0.4041190830909825,
            "sd": 0.08286211520456462
          },
          "beta_home": {
            "mean": 1.617585427141634,
            "sd": 0.260401132582112
          },
          "sigma0": {
            "mean": 11.030912480160877,
            "sd": 0.42321548047279317
          },
          "alpha": {
            "mean": 0.01761598911054092,
            "sd": 0.006736433163334484
          },
          "avg_abs_strength": {
            "mean": 4.11755523994978
          },
          "avg_offseason_shock": {
            "mean": 0.32377883386463674
          }
        },
        "performance": {
          "rmse_mean": 13.077210859650668,
          "mae_mean": 10.492423366541496,
          "lpd_mean": -3.997605779362648,
          "sharpness_mean": 194.8004670094131
        }
      },
      "Beta(2,2)": {
        "structure": {
          "rho": {
            "mean": 0.9716677743669904,
            "sd": 0.0050741896185643905
          },
          "sigma_weekly": {
            "mean": 1.1734006575134652,
            "sd": 0.08487977509463795
          },
          "sigma_offseason": {
            "mean": 0.4334202259835383,
            "sd": 0.10879452720119205
          },
          "beta_home": {
            "mean": 1.6347332684063056,
            "sd": 0.2724179395203988
          },
          "sigma0": {
            "mean": 10.943043745273247,
            "sd": 0.4418857622068881
          },
          "alpha": {
            "mean": 0.01810860124935715,
            "sd": 0.006809305672810301
          },
          "avg_abs_strength": {
            "mean": 4.176756519906288
          },
          "avg_offseason_shock": {
            "mean": 0.34582742282023454
          }
        },
        "performance": {
          "rmse_mean": 13.071449625460646,
          "mae_mean": 10.47723792010686,
          "lpd_mean": -4.002763598595003,
          "sharpness_mean": 196.7598635740419
        }
      }
    },
    "elo": {
      "rmse": 13.472797710525942,
      "mae": 10.537626189421818,
      "brier": 0.23377403685994239
    }
  },
  "results": {}
}