{
  "timestamp": "2026-02-24T10:59:40.975750",
  "config": {
    "years": [
      2018,
      2019,
      2020,
      2021,
      2022,
      2023,
      2024,
      2025
    ],
    "dataset_version": "v1",
    "model_type": "dynamic_nb_ar1",
    "evaluation": "rolling_expanding_window"
  },
  "summary": {
    "rmse_mean": 14.091944586620317,
    "mae_mean": 11.07479254280898,
    "brier_mean": 0.2443179356387477,
    "lpd_mean": -4.079535662544238,
    "units_total": 64.66000000000001,
    "avg_edge_mean": 0.10253415978005079,
    "sharpness_mean": 246.21664919619124
  },
  "results": {
    "week": {
      "0": 1,
      "1": 2,
      "2": 3,
      "3": 4,
      "4": 5,
      "5": 6,
      "6": 7,
      "7": 8,
      "8": 9,
      "9": 10,
      "10": 11,
      "11": 12,
      "12": 13,
      "13": 14,
      "14": 15,
      "15": 16,
      "16": 17
    },
    "rmse": {
      "0": 10.75589693719734,
      "1": 18.744740090926545,
      "2": 13.827253872435328,
      "3": 16.40512007522468,
      "4": 11.031012251661055,
      "5": 14.012742441818473,
      "6": 18.182127706864176,
      "7": 12.043063512654962,
      "8": 11.798216647927287,
      "9": 13.267097710752967,
      "10": 10.113891996136987,
      "11": 15.053379275238058,
      "12": 15.35281145082048,
      "13": 15.405067714382895,
      "14": 14.455038066023766,
      "15": 13.678757570794051,
      "16": 15.436840651686328
    },
    "mae": {
      "0": 7.896770833333334,
      "1": 14.319895833333334,
      "2": 10.867083333333333,
      "3": 11.064285714285713,
      "4": 8.357222222222223,
      "5": 11.346888888888891,
      "6": 16.55128205128205,
      "7": 9.441785714285714,
      "8": 9.372500000000002,
      "9": 9.348555555555556,
      "10": 7.356071428571428,
      "11": 12.479062500000001,
      "12": 12.527857142857144,
      "13": 12.266145833333335,
      "14": 11.349607843137253,
      "15": 11.515208333333334,
      "16": 12.21125
    },
    "brier": {
      "0": 0.1597607638888889,
      "1": 0.24388524305555553,
      "2": 0.26079131944444445,
      "3": 0.28491428571428573,
      "4": 0.2685025925925926,
      "5": 0.2006285185185185,
      "6": 0.22819700854700853,
      "7": 0.25263769841269845,
      "8": 0.23331111111111116,
      "9": 0.243187962962963,
      "10": 0.20215873015873015,
      "11": 0.29530607638888884,
      "12": 0.22779742063492064,
      "13": 0.23995833333333336,
      "14": 0.26986732026143795,
      "15": 0.2695836805555556,
      "16": 0.2729168402777778
    },
    "lpd": {
      "0": -3.898925732657821,
      "1": -4.313358319359603,
      "2": -4.214521904146707,
      "3": -4.214664683293413,
      "4": -3.8930463771334636,
      "5": -4.062920593445185,
      "6": -4.321076709287987,
      "7": -3.9123994893294345,
      "8": -3.9466919645292733,
      "9": -4.018908547150468,
      "10": -3.8797409159938074,
      "11": -4.119531506398914,
      "12": -4.104985989924589,
      "13": -4.097049351511892,
      "14": -4.064551247005472,
      "15": -4.0608424229178,
      "16": -4.228890509166221
    },
    "units_won": {
      "0": 4.37,
      "1": 4.28,
      "2": 5.28,
      "3": 0.5500000000000003,
      "4": 8.1,
      "5": 5.28,
      "6": 2.37,
      "7": 1.4600000000000004,
      "8": 2.4600000000000004,
      "9": 7.28,
      "10": 6.1000000000000005,
      "11": -1.4499999999999993,
      "12": 5.28,
      "13": 6.19,
      "14": -1.3599999999999994,
      "15": 0.37000000000000033,
      "16": 8.1
    },
    "avg_edge": {
      "0": 0.09687499999999999,
      "1": 0.09916666666666668,
      "2": 0.1090625,
      "3": 0.06630952380952382,
      "4": 0.0811111111111111,
      "5": 0.07133333333333335,
      "6": 0.1930769230769231,
      "7": 0.07940476190476191,
      "8": 0.07047619047619048,
      "9": 0.04533333333333333,
      "10": 0.13749999999999998,
      "11": 0.11510416666666665,
      "12": 0.12583333333333332,
      "13": 0.12958333333333333,
      "14": 0.060098039215686266,
      "15": 0.11447916666666667,
      "16": 0.14833333333333332
    },
    "sharpness": {
      "0": 293.804417437066,
      "1": 268.81119443359376,
      "2": 261.3515826388889,
      "3": 269.22264081632653,
      "4": 245.19250606172838,
      "5": 220.53378291358024,
      "6": 249.04148264299803,
      "7": 233.2658832057823,
      "8": 243.87195633503399,
      "9": 238.16037717283953,
      "10": 272.50426018990925,
      "11": 236.10767134331599,
      "12": 234.80546167800452,
      "13": 236.28933931206595,
      "14": 252.6424697808535,
      "15": 222.5381416666667,
      "16": 207.53986870659722
    }
  }
}