{
  "timestamp": "2026-02-24T11:52:00.183772",
  "config": {
    "years": [
      2018,
      2019,
      2020,
      2021,
      2022,
      2023,
      2024,
      2025
    ],
    "dataset_version": "v1",
    "model_type": "dynamic_nb_ar1",
    "evaluation": "rolling_expanding_window"
  },
  "summary": {
    "rmse_mean": 13.829468162669086,
    "mae_mean": 10.962179639012469,
    "brier_mean": 0.23406952479577806,
    "lpd_mean": -4.057674971800155,
    "units_total": 64.21000000000001,
    "avg_edge_mean": 0.10479944183555776,
    "sharpness_mean": 241.69886108024943
  },
  "results": {
    "week": {
      "0": 1,
      "1": 2,
      "2": 3,
      "3": 4,
      "4": 5,
      "5": 6,
      "6": 7,
      "7": 8,
      "8": 9,
      "9": 10,
      "10": 11,
      "11": 12,
      "12": 13,
      "13": 14,
      "14": 15,
      "15": 16,
      "16": 17
    },
    "rmse": {
      "0": 11.052090378571426,
      "1": 17.5505993784163,
      "2": 14.67227591601097,
      "3": 16.797544522463006,
      "4": 10.812292155998499,
      "5": 14.031784032978422,
      "6": 17.445677445672942,
      "7": 11.643043114933075,
      "8": 11.656064178909498,
      "9": 12.469129205688267,
      "10": 10.97179643738855,
      "11": 14.972995506726248,
      "12": 14.395863217528074,
      "13": 14.192917253813999,
      "14": 13.336530529662783,
      "15": 13.808903755065666,
      "16": 15.291451735546744
    },
    "mae": {
      "0": 7.854791666666666,
      "1": 14.252500000000001,
      "2": 11.106874999999999,
      "3": 11.66047619047619,
      "4": 7.954111111111112,
      "5": 11.513666666666666,
      "6": 15.986666666666668,
      "7": 8.94202380952381,
      "8": 9.504523809523809,
      "9": 9.101666666666667,
      "10": 7.759285714285714,
      "11": 12.227916666666665,
      "12": 11.68642857142857,
      "13": 11.467812499999999,
      "14": 11.238725490196076,
      "15": 11.92625,
      "16": 12.173333333333334
    },
    "brier": {
      "0": 0.14396614583333334,
      "1": 0.2425189236111111,
      "2": 0.25180625,
      "3": 0.2693722222222222,
      "4": 0.2530235185185185,
      "5": 0.19137648148148148,
      "6": 0.21285448717948713,
      "7": 0.22846488095238096,
      "8": 0.21865138888888888,
      "9": 0.22276777777777784,
      "10": 0.21577956349206354,
      "11": 0.2913996527777778,
      "12": 0.20183452380952385,
      "13": 0.20645104166666667,
      "14": 0.27853676470588234,
      "15": 0.27459756944444447,
      "16": 0.2757807291666666
    },
    "lpd": {
      "0": -3.8221003921896344,
      "1": -4.265971778747887,
      "2": -4.134655264083285,
      "3": -4.187513130456241,
      "4": -3.8632628544549945,
      "5": -4.046484118590329,
      "6": -4.357977055116489,
      "7": -3.95860371892215,
      "8": -3.8763893417937356,
      "9": -4.035007607610855,
      "10": -3.950423338487905,
      "11": -4.1523743539832445,
      "12": -4.093860531503788,
      "13": -4.108941274886499,
      "14": -3.9565055327899707,
      "15": -4.071878823961981,
      "16": -4.09852540302364
    },
    "units_won": {
      "0": 2.37,
      "1": 5.19,
      "2": 6.19,
      "3": -0.35999999999999965,
      "4": 7.19,
      "5": 4.28,
      "6": 4.28,
      "7": 2.3700000000000006,
      "8": 1.4600000000000004,
      "9": 6.19,
      "10": 5.28,
      "11": 0.3700000000000008,
      "12": 7.19,
      "13": 7.1,
      "14": -2.3599999999999994,
      "15": 1.2800000000000002,
      "16": 6.19
    },
    "avg_edge": {
      "0": 0.09052083333333331,
      "1": 0.08510416666666668,
      "2": 0.10458333333333335,
      "3": 0.07761904761904762,
      "4": 0.07455555555555551,
      "5": 0.103,
      "6": 0.17833333333333334,
      "7": 0.08071428571428571,
      "8": 0.07904761904761906,
      "9": 0.062444444444444434,
      "10": 0.15488095238095237,
      "11": 0.12302083333333333,
      "12": 0.09761904761904762,
      "13": 0.1559375,
      "14": 0.05598039215686275,
      "15": 0.12989583333333335,
      "16": 0.12833333333333333
    },
    "sharpness": {
      "0": 264.84081597222223,
      "1": 272.8490864149305,
      "2": 270.4442498263889,
      "3": 265.6778823129252,
      "4": 216.6723821111111,
      "5": 239.83287376543205,
      "6": 226.19204470742932,
      "7": 249.75875225340138,
      "8": 203.20500929705213,
      "9": 246.10285569135803,
      "10": 249.29264620181402,
      "11": 236.63985724826387,
      "12": 232.10283667800454,
      "13": 249.79270129123267,
      "14": 241.84793647635527,
      "15": 209.8720956597222,
      "16": 233.75661245659725
    }
  }
}