{
  "timestamp": "2026-02-25T14:17:46.541049",
  "config": {
    "years": [
      2018,
      2019,
      2020,
      2021,
      2022,
      2023,
      2024,
      2025
    ],
    "dataset_version": "v1",
    "evaluation": "rolling_expanding_window"
  },
  "summary": {
    "spread_model": {
      "Beta(8,2)": {
        "rmse_mean": 13.0545131159728,
        "mae_mean": 10.481813646559827,
        "lpd_mean": -3.998189584547532,
        "sharpness_mean": 197.4768151893098
      },
      "Beta(2,2)": {
        "rmse_mean": 13.088656220505188,
        "mae_mean": 10.526960688887382,
        "lpd_mean": -4.0031545062357905,
        "sharpness_mean": 195.8809412078797
      }
    },
    "elo": {
      "rmse": 13.472797710525942,
      "mae": 10.537626189421818,
      "brier": 0.23377403685994239
    }
  },
  "results": {}
}