{
  "timestamp": "2026-02-24T11:30:42.051576",
  "config": {
    "years": [
      2018,
      2019,
      2020,
      2021,
      2022,
      2023,
      2024,
      2025
    ],
    "dataset_version": "v1",
    "model_type": "dynamic_nb_ar1",
    "evaluation": "rolling_expanding_window"
  },
  "summary": {
    "rmse_mean": 13.912073051008019,
    "mae_mean": 10.952017171649956,
    "brier_mean": 0.2357818893796835,
    "lpd_mean": -4.0793454309498784,
    "units_total": 70.76,
    "avg_edge_mean": 0.10772862508502647,
    "sharpness_mean": 247.41311747678785
  },
  "results": {
    "week": {
      "0": 1,
      "1": 2,
      "2": 3,
      "3": 4,
      "4": 5,
      "5": 6,
      "6": 7,
      "7": 8,
      "8": 9,
      "9": 10,
      "10": 11,
      "11": 12,
      "12": 13,
      "13": 14,
      "14": 15,
      "15": 16,
      "16": 17
    },
    "rmse": {
      "0": 12.231653970504833,
      "1": 18.378381345158108,
      "2": 12.284746470047043,
      "3": 17.16815539083362,
      "4": 12.764164122289431,
      "5": 14.017042133959118,
      "6": 19.502546190330712,
      "7": 10.381412734167872,
      "8": 10.604549880810744,
      "9": 11.93979735698751,
      "10": 11.523705837540229,
      "11": 13.690390074133916,
      "12": 15.768606998294638,
      "13": 14.100731979621168,
      "14": 13.873250805362698,
      "15": 13.289203990771355,
      "16": 14.986902586323314
    },
    "mae": {
      "0": 8.526770833333334,
      "1": 15.076145833333335,
      "2": 9.477291666666666,
      "3": 11.526428571428571,
      "4": 9.387000000000002,
      "5": 11.573666666666666,
      "6": 18.037820512820513,
      "7": 8.491785714285715,
      "8": 8.382380952380952,
      "9": 8.642777777777779,
      "10": 7.782023809523811,
      "11": 10.608854166666667,
      "12": 12.177380952380954,
      "13": 11.865208333333333,
      "14": 11.294901960784314,
      "15": 10.811458333333334,
      "16": 12.522395833333334
    },
    "brier": {
      "0": 0.17367604166666667,
      "1": 0.2473022569444444,
      "2": 0.22155208333333334,
      "3": 0.28111507936507935,
      "4": 0.27650888888888886,
      "5": 0.2105738888888889,
      "6": 0.2547878205128205,
      "7": 0.23484841269841272,
      "8": 0.20962361111111114,
      "9": 0.22068759259259257,
      "10": 0.20843115079365085,
      "11": 0.23283628472222218,
      "12": 0.23243928571428568,
      "13": 0.2122763888888889,
      "14": 0.27236388888888885,
      "15": 0.24824531249999998,
      "16": 0.27102413194444447
    },
    "lpd": {
      "0": -3.9071666162474106,
      "1": -4.335482896622183,
      "2": -4.006495440679147,
      "3": -4.337955250485753,
      "4": -3.9405606183842314,
      "5": -4.115008006009074,
      "6": -4.475460453622444,
      "7": -3.8692062271916607,
      "8": -3.847281653650513,
      "9": -3.989314238479041,
      "10": -3.9470280549025354,
      "11": -4.063467835428286,
      "12": -4.172535372470297,
      "13": -4.124088302455022,
      "14": -3.9982611781769815,
      "15": -4.016998118087332,
      "16": -4.2025620632560035
    },
    "units_won": {
      "0": 2.37,
      "1": 4.28,
      "2": 7.1000000000000005,
      "3": 1.4600000000000004,
      "4": 7.19,
      "5": 4.28,
      "6": 4.28,
      "7": 2.4600000000000004,
      "8": 2.2800000000000007,
      "9": 9.1,
      "10": 7.19,
      "11": 1.2800000000000002,
      "12": 5.28,
      "13": 7.1,
      "14": -3.3599999999999994,
      "15": 1.3700000000000006,
      "16": 7.1
    },
    "avg_edge": {
      "0": 0.09656250000000001,
      "1": 0.09197916666666668,
      "2": 0.14145833333333332,
      "3": 0.09749999999999999,
      "4": 0.06622222222222221,
      "5": 0.08311111111111111,
      "6": 0.17294871794871794,
      "7": 0.05595238095238094,
      "8": 0.09761904761904762,
      "9": 0.06988888888888888,
      "10": 0.14107142857142854,
      "11": 0.13,
      "12": 0.08452380952380951,
      "13": 0.1821875,
      "14": 0.0792156862745098,
      "15": 0.0965625,
      "16": 0.14458333333333334
    },
    "sharpness": {
      "0": 277.28432802734375,
      "1": 274.7667439127604,
      "2": 236.8875499565972,
      "3": 293.7602154195011,
      "4": 260.4249430987654,
      "5": 258.2067890246914,
      "6": 236.86172976660094,
      "7": 244.38203331916102,
      "8": 238.6470603174603,
      "9": 230.71350902469135,
      "10": 247.1965339994331,
      "11": 240.871011187066,
      "12": 222.59828707482993,
      "13": 218.16853294270834,
      "14": 262.25771103421755,
      "15": 222.1970659722222,
      "16": 240.79895302734377
    }
  }
}