{
  "timestamp": "2026-02-25T22:06:31.267226",
  "config": {
    "years": [
      2018,
      2019,
      2020,
      2021,
      2022,
      2023,
      2024,
      2025
    ],
    "dataset_version": "v1",
    "evaluation": "rolling_expanding_window"
  },
  "summary": {
    "spread_model": {
      "Beta(8,2)": {
        "structure": {
          "rho": {
            "mean": 0.9731811470784819,
            "sd": 0.006004004151894927
          },
          "sigma_weekly": {
            "mean": 1.127805507824701,
            "sd": 0.13370272470438874
          },
          "sigma_offseason": {
            "mean": 0.4371521874697885,
            "sd": 0.09109395499320107
          },
          "beta_home": {
            "mean": 1.6163419710510125,
            "sd": 0.2436141211934978
          },
          "sigma0": {
            "mean": 10.972398561023455,
            "sd": 0.4317047099085071
          },
          "alpha": {
            "mean": 0.01842176487758833,
            "sd": 0.006374311499074258
          },
          "avg_abs_strength": {
            "mean": 4.158447526012812
          },
          "avg_offseason_shock": {
            "mean": 0.35016875402903147
          }
        },
        "performance": {
          "rmse_mean": 13.087883900484583,
          "mae_mean": 10.497112257741044,
          "lpd_mean": -3.9965033581629523,
          "sharpness_mean": 195.43276217602101
        }
      },
      "Beta(2,2)": {
        "structure": {
          "rho": {
            "mean": 0.9707904675531805,
            "sd": 0.00519243091584093
          },
          "sigma_weekly": {
            "mean": 1.202751579848014,
            "sd": 0.07900055305633989
          },
          "sigma_offseason": {
            "mean": 0.4300553830728997,
            "sd": 0.08271009817170533
          },
          "beta_home": {
            "mean": 1.6435836319907071,
            "sd": 0.2483045848543505
          },
          "sigma0": {
            "mean": 10.93934489270415,
            "sd": 0.442329116207638
          },
          "alpha": {
            "mean": 0.017802770145459283,
            "sd": 0.006675415575395492
          },
          "avg_abs_strength": {
            "mean": 4.204435753602209
          },
          "avg_offseason_shock": {
            "mean": 0.3431683318375738
          }
        },
        "performance": {
          "rmse_mean": 13.167950084433635,
          "mae_mean": 10.568977615252905,
          "lpd_mean": -4.013827628673928,
          "sharpness_mean": 196.72241648249553
        }
      }
    },
    "elo": {
      "rmse": 13.472797710525942,
      "mae": 10.537626189421818,
      "brier": 0.23377403685994239
    }
  },
  "results": {}
}